year,name,latitude,longitude,type
1450/01/01,"Dordrecht",51.81,4.690093,place
1452/01/01,"Dordrecht",51.81,4.690093,place
1458/01/01,"Dordrecht",51.81,4.690093,place
1467/01/01,"Rotterdam",51.9179,4.4779,place
1468/01/01,"Rotterdam",51.9179,4.4779,place
1469/01/01,"Amsterdam",52.366665,4.90994,place
1469/01/01,"Rotterdam",51.9179,4.4779,place
1469/01/01,"Dordrecht",51.81,4.690093,place
1471/01/01,"Amsterdam",52.366665,4.90994,place
1480/01/01,"Gouda",52.017365,4.708115,place
1481/01/01,"Gorinchem",51.836872,4.974998,place
1482/01/01,"Dordrecht",51.81,4.690093,place
1483/01/01,"Amsterdam",52.366665,4.90994,place
1483/01/01,"Leiden",52.157776,4.49278,place
1484/01/01,"Dordrecht",51.81,4.690093,place
1489/01/01,"Gorinchem",51.836872,4.974998,place
1493/01/01,"Amsterdam",52.366665,4.90994,place
1493/01/01,"Hoorn",52.64184,5.058755,place
1493/01/01,"Haarlem",52.38079,4.6422777,place
1494/01/01,"Gouda",52.017365,4.708115,place
1502/01/01,"Gorinchem",51.836872,4.974998,place
1508/01/01,"Leiden",52.157776,4.49278,place
1509/01/01,"Leiden",52.157776,4.49278,place
1509/01/01,"Dordrecht",51.81,4.690093,place
1509/01/01,"Gouda",52.017365,4.708115,place
1509/01/01,"Hoorn",52.64184,5.058755,place
1509/01/01,"Haarlem",52.38079,4.6422777,place
1513/01/01,"Gouda",52.017365,4.708115,place
1513/01/01,"Den Haag",52.073586,4.299655,place
1515/01/01,"Leiden",52.157776,4.49278,place
1515/01/01,"Hoorn",52.64184,5.058755,place
1516/01/01,"Haarlem",52.38079,4.6422777,place
1516/01/01,"Egmond",52.61861,4.6466665,place
1517/01/01,"Leiden",52.157776,4.49278,place
1518/01/01,"Leiden",52.157776,4.49278,place
1518/01/01,"Gouda",52.017365,4.708115,place
1518/01/01,"Schiedam",51.918613,4.393056,place
1519/01/01,"Leiden",52.157776,4.49278,place
1519/01/01,"Gorinchem",51.836872,4.974998,place
1519/01/01,"Schiedam",51.918613,4.393056,place
1519/01/01,"Haarlem",52.38079,4.6422777,place
1521/01/01,"Gouda",52.017365,4.708115,place
1522/01/01,"Amsterdam",52.366665,4.90994,place
1523/01/01,"Gorinchem",51.836872,4.974998,place
1524/01/01,"Leiden",52.157776,4.49278,place
1525/01/01,"Leiden",52.157776,4.49278,place
1525/01/01,"Haarlem",52.38079,4.6422777,place
1526/01/01,"Leiden",52.157776,4.49278,place
1526/01/01,"Gorinchem",51.836872,4.974998,place
1526/01/01,"Schiedam",51.918613,4.393056,place
1526/01/01,"Haarlem",52.38079,4.6422777,place
1527/01/01,"Gouda",52.017365,4.708115,place
1527/01/01,"Schoonhoven",51.9475,4.84939,place
1528/01/01,"Hoorn",52.64184,5.058755,place
1530/01/01,"Dordrecht",51.81,4.690093,place
1530/01/01,"Woerden",52.085278,4.884304,place
1531/01/01,"Haarlem",52.38079,4.6422777,place
1534/01/01,"Amsterdam",52.366665,4.90994,place
1537/01/01,"Schiedam",51.918613,4.393056,place
1537/01/01,"Delft",52.008892,4.357284,place
1537/01/01,"Woerden",52.085278,4.884304,place
1538/01/01,"Leiden",52.157776,4.49278,place
1538/01/01,"Woerden",52.085278,4.884304,place
1538/01/01,"Brielle",51.902126,4.163787,place
1550/01/01,"Amsterdam",52.366665,4.90994,place
1554/01/01,"Amsterdam",52.366665,4.90994,place
1555/01/01,"Gorinchem",51.836872,4.974998,place
1556/01/01,"Leiden",52.157776,4.49278,place
1557/01/01,"Amsterdam",52.366665,4.90994,place
1557/01/01,"Leiden",52.157776,4.49278,place
1557/01/01,"Rotterdam",51.9179,4.4779,place
1557/01/01,"Haarlem",52.38079,4.6422777,place
1557/01/01,"Delft",52.008892,4.357284,place
1557/01/01,"Brielle",51.902126,4.163787,place
1557/01/01,"Delfshaven",51.904884,4.453553,place
1557/01/01,"Schoonrewoerd",51.92083,5.11667,place
1557/01/01,"Voorburg",52.077244,4.381965,place
1558/01/01,"Amsterdam",52.366665,4.90994,place
1558/01/01,"Hoorn",52.64184,5.058755,place
1558/01/01,"Schiedam",51.918613,4.393056,place
1558/01/01,"Delft",52.008892,4.357284,place
1558/01/01,"Woerden",52.085278,4.884304,place
1558/01/01,"Delfshaven",51.904884,4.453553,place
1558/01/01,"Schoonrewoerd",51.92083,5.11667,place
1558/01/01,"Voorburg",52.077244,4.381965,place
1559/01/01,"Amsterdam",52.366665,4.90994,place
1562/01/01,"Hoorn",52.64184,5.058755,place
1564/01/01,"Dordrecht",51.81,4.690093,place
1566/01/01,"Kennemerland",52.466667,4.75,region
1566/01/01,"Waterland",52.466667,4.95,region
1567/01/01,"Leiden",52.157776,4.49278,place
1567/01/01,"Hoorn",52.64184,5.058755,place
1567/01/01,"Delft",52.008892,4.357284,place
1568/01/01,"Leiden",52.157776,4.49278,place
1568/01/01,"Gorinchem",51.836872,4.974998,place
1568/01/01,"Heukelum",51.87151,5.076667,place
1568/01/01,"Scheveningen",52.103756,4.28193,place
1568/01/01,"Sleeuwijk",51.815277,4.9525,place
1571/01/01,"Schiedam",51.918613,4.393056,place
1572/01/01,"Leiden",52.157776,4.49278,place
1572/01/01,"Haarlem",52.38079,4.6422777,place
1572/01/01,"Oudewater",52.025833,4.8682384,place
1573/01/01,"Amsterdam",52.366665,4.90994,place
1573/01/01,"Leiden",52.157776,4.49278,place
1573/01/01,"Rotterdam",51.9179,4.4779,place
1573/01/01,"Haarlem",52.38079,4.6422777,place
1573/01/01,"Delft",52.008892,4.357284,place
1573/01/01,"Brielle",51.902126,4.163787,place
1573/01/01,"Oudewater",52.025833,4.8682384,place
1574/01/01,"Amsterdam",52.366665,4.90994,place
1574/01/01,"Leiden",52.157776,4.49278,place
1574/01/01,"Rotterdam",51.9179,4.4779,place
1574/01/01,"Dordrecht",51.81,4.690093,place
1574/01/01,"Gouda",52.017365,4.708115,place
1574/01/01,"Haarlem",52.38079,4.6422777,place
1574/01/01,"Delft",52.008892,4.357284,place
1574/01/01,"Woerden",52.085278,4.884304,place
1574/01/01,"Den Haag",52.073586,4.299655,place
1574/01/01,"Oudewater",52.025833,4.8682384,place
1574/01/01,"Ilpendam",52.46333,4.9511113,place
1575/01/01,"Dordrecht",51.81,4.690093,place
1575/01/01,"Hoorn",52.64184,5.058755,place
1575/01/01,"Woerden",52.085278,4.884304,place
1575/01/01,"Oudewater",52.025833,4.8682384,place
1575/01/01,"Medemblik",52.76745,5.106918,place
1575/01/01,"Purmerend",52.505,4.95972,place
1575/01/01,"Wormer",52.495,4.82868,place
1577/01/01,"Hoorn",52.64184,5.058755,place
1579/01/01,"Dordrecht",51.81,4.690093,place
1580/01/01,"Hoorn",52.64184,5.058755,place
1581/01/01,"Haarlem",52.38079,4.6422777,place
1583/01/01,"Gorinchem",51.836872,4.974998,place
1584/01/01,"Dordrecht",51.81,4.690093,place
1586/01/01,"Hoorn",52.64184,5.058755,place
1587/01/01,"Dordrecht",51.81,4.690093,place
1588/01/01,"Gouda",52.017365,4.708115,place
1590/01/01,"Hoorn",52.64184,5.058755,place
1593/01/01,"Rotterdam",51.9179,4.4779,place
1593/01/01,"Gouda",52.017365,4.708115,place
1594/01/01,"Rotterdam",51.9179,4.4779,place
1594/01/01,"Schiedam",51.918613,4.393056,place
1594/01/01,"Delft",52.008892,4.357284,place
1595/01/01,"Rotterdam",51.9179,4.4779,place
1596/01/01,"Rotterdam",51.9179,4.4779,place
1596/01/01,"Het Gooi",52.233333,5.216667,region
1598/01/01,"Rotterdam",51.9179,4.4779,place
1598/01/01,"Het Gooi",52.233333,5.216667,region
1599/01/01,"Amsterdam",52.366665,4.90994,place
1599/01/01,"Leiden",52.157776,4.49278,place
1599/01/01,"Dordrecht",51.81,4.690093,place
1599/01/01,"Gorinchem",51.836872,4.974998,place
1599/01/01,"Hoorn",52.64184,5.058755,place
1599/01/01,"Schiedam",51.918613,4.393056,place
1599/01/01,"Enkhuizen",52.70559,5.280714,place
1599/01/01,"Alkmaar",52.631836,4.749805,place
1600/01/01,"Dordrecht",51.81,4.690093,place
1600/01/01,"Gouda",52.017365,4.708115,place
1600/01/01,"Gorinchem",51.836872,4.974998,place
1600/01/01,"Hoorn",52.64184,5.058755,place
1600/01/01,"Enkhuizen",52.70559,5.280714,place
1600/01/01,"Woerden",52.085278,4.884304,place
1601/01/01,"Amsterdam",52.366665,4.90994,place
1601/01/01,"Rotterdam",51.9179,4.4779,place
1601/01/01,"Hoorn",52.64184,5.058755,place
1601/01/01,"Delft",52.008892,4.357284,place
1602/01/01,"Amsterdam",52.366665,4.90994,place
1602/01/01,"Leiden",52.157776,4.49278,place
1602/01/01,"Rotterdam",51.9179,4.4779,place
1602/01/01,"Dordrecht",51.81,4.690093,place
1602/01/01,"Gouda",52.017365,4.708115,place
1602/01/01,"Gorinchem",51.836872,4.974998,place
1602/01/01,"Hoorn",52.64184,5.058755,place
1602/01/01,"Schiedam",51.918613,4.393056,place
1602/01/01,"Alkmaar",52.631836,4.749805,place
1602/01/01,"Vlaardingen",51.912285,4.3375015,place
1602/01/01,"Koedijk",52.675,4.7483335,place
1602/01/01,"Langedijk",52.692562,4.800002,place
1602/01/01,"St. Pancras",52.663056,4.785278,place
1603/01/01,"Amsterdam",52.366665,4.90994,place
1603/01/01,"Leiden",52.157776,4.49278,place
1603/01/01,"Rotterdam",51.9179,4.4779,place
1603/01/01,"Dordrecht",51.81,4.690093,place
1603/01/01,"Gouda",52.017365,4.708115,place
1603/01/01,"Gorinchem",51.836872,4.974998,place
1603/01/01,"Hoorn",52.64184,5.058755,place
1603/01/01,"Schiedam",51.918613,4.393056,place
1603/01/01,"Woerden",52.085278,4.884304,place
1603/01/01,"Heusden",51.683333,5.133333,place
1603/01/01,"Geertruidenberg",51.697693,4.87836,place
1603/01/01,"Hardinxveld",51.82879,4.8380556,place
1603/01/01,"Oud- en Nieuw-Matenesse",51.909325,4.4271045,place
1603/01/01,"Overschie",51.938328,4.4294443,place
1603/01/01,"Woudrichem",51.815,5.0026,place
1604/01/01,"Leiden",52.157776,4.49278,place
1604/01/01,"Rotterdam",51.9179,4.4779,place
1604/01/01,"Dordrecht",51.81,4.690093,place
1604/01/01,"Alkmaar",52.631836,4.749805,place
1604/01/01,"Heusden",51.683333,5.133333,place
1604/01/01,"Brielle",51.902126,4.163787,place
1604/01/01,"Geertruidenberg",51.697693,4.87836,place
1604/01/01,"Den Helder",52.949436,4.7584095,place
1604/01/01,"Huisduinen",52.952805,4.725348,place
1604/01/01,"Koedijk",52.675,4.7483335,place
1604/01/01,"Langedijk",52.692562,4.800002,place
1604/01/01,"St. Pancras",52.663056,4.785278,place
1604/01/01,"Schagen",52.787796,4.802025,place
1604/01/01,"Bommenede",51.733154,3.9529548,place
1604/01/01,"Texel",53.07883,4.813936,region
1605/01/01,"Leiden",52.157776,4.49278,place
1605/01/01,"Geertruidenberg",51.697693,4.87836,place
1605/01/01,"Egmond",52.61861,4.6466665,place
1605/01/01,"Den Helder",52.949436,4.7584095,place
1605/01/01,"Huisduinen",52.952805,4.725348,place
1605/01/01,"Schagen",52.787796,4.802025,place
1605/01/01,"Loosdrecht",52.20292,5.0851693,place
1605/01/01,"Wieringen",52.9,4.96,place
1606/01/01,"Gorinchem",51.836872,4.974998,place
1616/01/01,"Amsterdam",52.366665,4.90994,place
1616/01/01,"Gouda",52.017365,4.708115,place
1617/01/01,"Amsterdam",52.366665,4.90994,place
1617/01/01,"Leiden",52.157776,4.49278,place
1617/01/01,"Gouda",52.017365,4.708115,place
1617/01/01,"Emmeloord",52.71083,5.748889,place
1618/01/01,"Amsterdam",52.366665,4.90994,place
1618/01/01,"Rotterdam",51.9179,4.4779,place
1618/01/01,"Dordrecht",51.81,4.690093,place
1623/01/01,"Amsterdam",52.366665,4.90994,place
1623/01/01,"Dordrecht",51.81,4.690093,place
1624/01/01,"Amsterdam",52.366665,4.90994,place
1624/01/01,"Leiden",52.157776,4.49278,place
1624/01/01,"Rotterdam",51.9179,4.4779,place
1624/01/01,"Gouda",52.017365,4.708115,place
1624/01/01,"Hoorn",52.64184,5.058755,place
1624/01/01,"Delft",52.008892,4.357284,place
1624/01/01,"Alkmaar",52.631836,4.749805,place
1624/01/01,"Heusden",51.683333,5.133333,place
1624/01/01,"Noorderkwartier",52.66785,4.822118,region
1624/01/01,"Vlieland",53.258335,4.9558334,region
1625/01/01,"Amsterdam",52.366665,4.90994,place
1625/01/01,"Rotterdam",51.9179,4.4779,place
1625/01/01,"Gouda",52.017365,4.708115,place
1625/01/01,"Schiedam",51.918613,4.393056,place
1625/01/01,"Delft",52.008892,4.357284,place
1625/01/01,"Heusden",51.683333,5.133333,place
1625/01/01,"Noorderkwartier",52.66785,4.822118,region
1626/01/01,"Amsterdam",52.366665,4.90994,place
1626/01/01,"Rotterdam",51.9179,4.4779,place
1627/01/01,"Delft",52.008892,4.357284,place
1629/01/01,"Amsterdam",52.366665,4.90994,place
1629/01/01,"Gouda",52.017365,4.708115,place
1633/01/01,"Schiedam",51.918613,4.393056,place
1634/01/01,"Leiden",52.157776,4.49278,place
1634/01/01,"Rotterdam",51.9179,4.4779,place
1634/01/01,"Schiedam",51.918613,4.393056,place
1634/01/01,"Heusden",51.683333,5.133333,place
1635/01/01,"Amsterdam",52.366665,4.90994,place
1635/01/01,"Leiden",52.157776,4.49278,place
1635/01/01,"Rotterdam",51.9179,4.4779,place
1635/01/01,"Dordrecht",51.81,4.690093,place
1635/01/01,"Gouda",52.017365,4.708115,place
1635/01/01,"Gorinchem",51.836872,4.974998,place
1635/01/01,"Hoorn",52.64184,5.058755,place
1635/01/01,"Schiedam",51.918613,4.393056,place
1635/01/01,"Haarlem",52.38079,4.6422777,place
1635/01/01,"Delft",52.008892,4.357284,place
1635/01/01,"Enkhuizen",52.70559,5.280714,place
1635/01/01,"Woerden",52.085278,4.884304,place
1635/01/01,"Alkmaar",52.631836,4.749805,place
1635/01/01,"Den Haag",52.073586,4.299655,place
1635/01/01,"Heusden",51.683333,5.133333,place
1635/01/01,"Schoonhoven",51.9475,4.84939,place
1636/01/01,"Amsterdam",52.366665,4.90994,place
1636/01/01,"Leiden",52.157776,4.49278,place
1636/01/01,"Rotterdam",51.9179,4.4779,place
1636/01/01,"Dordrecht",51.81,4.690093,place
1636/01/01,"Gouda",52.017365,4.708115,place
1636/01/01,"Gorinchem",51.836872,4.974998,place
1636/01/01,"Schiedam",51.918613,4.393056,place
1636/01/01,"Haarlem",52.38079,4.6422777,place
1636/01/01,"Delft",52.008892,4.357284,place
1636/01/01,"Enkhuizen",52.70559,5.280714,place
1636/01/01,"Woerden",52.085278,4.884304,place
1636/01/01,"Alkmaar",52.631836,4.749805,place
1636/01/01,"Heusden",51.683333,5.133333,place
1636/01/01,"Bleiswijk",52.010155,4.5385156,place
1636/01/01,"Bodegraven",52.080833,4.748611,place
1636/01/01,"Schermeer",52.599598,4.8937087,region
1636/01/01,"Zevenhuizen",52.010833,4.58,place
1637/01/01,"Rotterdam",51.9179,4.4779,place
1637/01/01,"Dordrecht",51.81,4.690093,place
1637/01/01,"Gouda",52.017365,4.708115,place
1637/01/01,"Gorinchem",51.836872,4.974998,place
1637/01/01,"Haarlem",52.38079,4.6422777,place
1637/01/01,"Heusden",51.683333,5.133333,place
1650/01/01,"Alkmaar",52.631836,4.749805,place
1652/01/01,"Amsterdam",52.366665,4.90994,place
1652/01/01,"Leiden",52.157776,4.49278,place
1652/01/01,"Gorinchem",51.836872,4.974998,place
1652/01/01,"Hoorn",52.64184,5.058755,place
1652/01/01,"Schiedam",51.918613,4.393056,place
1652/01/01,"Enkhuizen",52.70559,5.280714,place
1653/01/01,"Amsterdam",52.366665,4.90994,place
1653/01/01,"Leiden",52.157776,4.49278,place
1653/01/01,"Gorinchem",51.836872,4.974998,place
1653/01/01,"Schiedam",51.918613,4.393056,place
1653/01/01,"Enkhuizen",52.70559,5.280714,place
1654/01/01,"Amsterdam",52.366665,4.90994,place
1654/01/01,"Leiden",52.157776,4.49278,place
1654/01/01,"Schiedam",51.918613,4.393056,place
1654/01/01,"Enkhuizen",52.70559,5.280714,place
1654/01/01,"Den Haag",52.073586,4.299655,place
1655/01/01,"Amsterdam",52.366665,4.90994,place
1655/01/01,"Leiden",52.157776,4.49278,place
1655/01/01,"Rotterdam",51.9179,4.4779,place
1655/01/01,"Dordrecht",51.81,4.690093,place
1655/01/01,"Gouda",52.017365,4.708115,place
1655/01/01,"Gorinchem",51.836872,4.974998,place
1655/01/01,"Haarlem",52.38079,4.6422777,place
1655/01/01,"Delft",52.008892,4.357284,place
1655/01/01,"Alkmaar",52.631836,4.749805,place
1655/01/01,"Den Haag",52.073586,4.299655,place
1655/01/01,"Noorderkwartier",52.66785,4.822118,region
1655/01/01,"Naarden",52.295544,5.16253,place
1656/01/01,"Amsterdam",52.366665,4.90994,place
1656/01/01,"Rotterdam",51.9179,4.4779,place
1656/01/01,"Dordrecht",51.81,4.690093,place
1656/01/01,"Hoorn",52.64184,5.058755,place
1656/01/01,"Alkmaar",52.631836,4.749805,place
1656/01/01,"Den Haag",52.073586,4.299655,place
1656/01/01,"Noorderkwartier",52.66785,4.822118,region
1656/01/01,"Naarden",52.295544,5.16253,place
1657/01/01,"Amsterdam",52.366665,4.90994,place
1657/01/01,"Rotterdam",51.9179,4.4779,place
1657/01/01,"Dordrecht",51.81,4.690093,place
1657/01/01,"Gouda",52.017365,4.708115,place
1657/01/01,"Alkmaar",52.631836,4.749805,place
1660/01/01,"Rotterdam",51.9179,4.4779,place
1661/01/01,"Den Haag",52.073586,4.299655,place
1661/01/01,"Noordholland",52.520588,4.788474,region
1662/01/01,"Delft",52.008892,4.357284,place
1662/01/01,"Schoonhoven",51.9475,4.84939,place
1663/01/01,"Amsterdam",52.366665,4.90994,place
1663/01/01,"Gouda",52.017365,4.708115,place
1663/01/01,"Hoorn",52.64184,5.058755,place
1663/01/01,"Den Haag",52.073586,4.299655,place
1664/01/01,"Amsterdam",52.366665,4.90994,place
1664/01/01,"Leiden",52.157776,4.49278,place
1664/01/01,"Rotterdam",51.9179,4.4779,place
1664/01/01,"Dordrecht",51.81,4.690093,place
1664/01/01,"Gouda",52.017365,4.708115,place
1664/01/01,"Gorinchem",51.836872,4.974998,place
1664/01/01,"Hoorn",52.64184,5.058755,place
1664/01/01,"Schiedam",51.918613,4.393056,place
1664/01/01,"Haarlem",52.38079,4.6422777,place
1664/01/01,"Delft",52.008892,4.357284,place
1664/01/01,"Enkhuizen",52.70559,5.280714,place
1664/01/01,"Woerden",52.085278,4.884304,place
1664/01/01,"Den Haag",52.073586,4.299655,place
1664/01/01,"Heusden",51.683333,5.133333,place
1664/01/01,"Schoonhoven",51.9475,4.84939,place
1664/01/01,"Brielle",51.902126,4.163787,place
1664/01/01,"Edam",52.508854,5.054191,place
1664/01/01,"Monnickendam",52.45557,5.0375,place
1664/01/01,"Zevenbergen",51.646065,4.6075225,place
1665/01/01,"Amsterdam",52.366665,4.90994,place
1665/01/01,"Rotterdam",51.9179,4.4779,place
1665/01/01,"Dordrecht",51.81,4.690093,place
1665/01/01,"Gouda",52.017365,4.708115,place
1665/01/01,"Gorinchem",51.836872,4.974998,place
1665/01/01,"Hoorn",52.64184,5.058755,place
1665/01/01,"Schoonhoven",51.9475,4.84939,place
1665/01/01,"Vlaardingen",51.912285,4.3375015,place
1666/01/01,"Amsterdam",52.366665,4.90994,place
1666/01/01,"Leiden",52.157776,4.49278,place
1666/01/01,"Rotterdam",51.9179,4.4779,place
1666/01/01,"Gouda",52.017365,4.708115,place
1666/01/01,"Gorinchem",51.836872,4.974998,place
1666/01/01,"Schiedam",51.918613,4.393056,place
1666/01/01,"Enkhuizen",52.70559,5.280714,place
1666/01/01,"Schoonhoven",51.9475,4.84939,place
1666/01/01,"Vlaardingen",51.912285,4.3375015,place
1667/01/01,"Gorinchem",51.836872,4.974998,place
1667/01/01,"Enkhuizen",52.70559,5.280714,place
1668/01/01,"Gouda",52.017365,4.708115,place
1668/01/01,"Enkhuizen",52.70559,5.280714,place
